id,gloss,text
0001,سوال هو,من هو
0002,هو معلم لغه اشاره,هو مدرس لغه اشاره
0003,استفهام هو معلم هو,هل انت مدرس
0004,هو معلم لا انا مدرسه,انت لست مدرس انا طالب
0005,هو سوال,هو من
0006,هو صديق مدرسه,هو زميلي في المدرسه
0007,استفهام هو صديق مدرسه,هل هو زميلك في المدرسه
0008,انا اسره رقم ثلاث اشخاص,اسرتي تتكون من ثلاث اشخاص
0009,رقم عمر ابن بنت,كم عمر ابنتك
0010,عمر اربع سن عمر,عمرها اربع سنوات
0011,عمر سن خمسون سن,عمره خمسين سنه
0012,سوال بنت ابن,اين ابنته
0013,عمر ابن خمسون سن,عمر ابنه خمسين سنه
0014,معرفه هو لغه اشاره,هو يعرف لغه الاشاره
0015,معرفه لغه اشاره,اعرف لغه الاشاره
0016,هو معرفه ام لغه اشاره,هل تعرف والدتك لغه الاشاره
0017,لا معرفه لغه اشاره,لا تعلم لغه الاشاره
0018,ممكن هو قدره كتابه اسم هو,ممكن تكتب اسمك
0019,انا كتابه,انا اكتب
0020,استفهام تاريخ الان سوال,ما هو تاريخ اليوم
0021,الان واحد شهر عشر,اليوم هو واحد اكتوبر
0022,انا ذهاب مدرسه سبب كره_قدم,انا اذهب الى المدرسه لالعب كره القدم
0023,انا قلب قدره,انوي القيام به
0024,هو رغبه شرب سوال,ماذا تريد ان تشرب
0025,انا رغبه شرب شاي,انا اريد ان اشرب الشاي
0026,هو رغبه اكل سوال,ماذا تريد ان تاكل
0027,انا رغبه اكل رز,اريد ان اكل رز
0028,انا رغبه ذهاب مكتبه بعد صيف,اريد ان اذهب الى المكتبه بعد الظهر
0029,هو رغبه بعد صيف سوال,ماذا تريد ان تفعل بعد الظهر
0030,انا رغبه ذهاب لوحه بقاله,اريد ان اذهب الى السوبرماركت بعد الظهر
0031,سبب رغبه شراء,ماذا تريد ان تشتري
0032,انا رغبه كوب شراء,اريد شراء كوب
0033,انا رغبه معرفه لغه اشاره,اريد ان اتعلم لغه الاشاره
0034,انا رغبه ذهاب مدرسه سبب قراءه غدا,اريد ان اذهب الى المدرسه لقراءه الكتب غدا
0035,رقم معلم مدرسه هو,كم عدد المدرسين في مدرستك
0036,رقم اشخاص مدرسه هو مدرسه,كم عدد الاشخاص في مدرستك
0037,سوال قط,اين القطه
0038,قط صغير تحت طاوله,القط الصغير تحت الطاوله
0039,اب هو منزل يوجد,والدك في المنزل
0040,لا منزل لا_يوجد,ليس في المنزل
0041,سوال اب,اين والدك
0042,اب مستشفى يوجد,والدي في المستشفى
0043,سوال عمل,اين يعمل
0044,صديق انا مدرسه,صديقي في المدرسه
0045,انا ام منزل,امي في المنزل
0046,سوال كوب شرب,اين الكوب
0047,سوال صديق هو,اين اصدقائك
0048,قراءه سوال مكان مدرسه,القراءه في المدرسه
0049,طاوله هو سوال,ماذا يوجد على الطاوله
0050,طاوله كتاب لاب_توب يوجد,هناك كتب و كمبيوترعلى الطاوله
0051,هو اسم هو,ما اسمه
0052,اسم هو ولد خلف,ما اسم ذلك الرجل في الخلف
0053,استئذان انا كرسي الان,ممكن اجلس على الكرسي
0054,استئذان دعوه كرسي,من فضلك اجلس
0055,سوال كرسي يوجد سوال,ماذا يوجد على الكرسي
0056,كرسي قط صغير فوق_كرسي,هناك قط صغير على الكرسي
0057,يوجد مدرسه يوجد بيع,يوجد متجر في المدرسه
0058,رقم وقت الان,كم الوقت الان
0059,وقت سوال عشر,الساعه العاشره
0060,وقت هو صيف اكل وقت سوال,متى تاكل في الظهر
0061,تاريخ وقت اب انا منزل اخر تاريخ,متى سيعود ابي الى المنزل
0062,وقت خمس ليل,الوقت الخامسه مساء
0063,هو تاريخ ذهاب سينما فيلم تاريخ,متى نذهب الى السينما
0064,هو الان مطر,يوجد مطر الان
0065,لا مطر الان لا,لا يوجد مطر الان
0066,لا برد الان,لا يوجد برد الان
0067,سوال صحه هو,كيف حالك
0068,شكر د,شكرا دكتور
0069,هو مطر غدا,هل ستمطر غدا
0070,لا غدا مطر لا,لن تمطر غدا
0071,هو عمل سوال,ماذا تعمل
0072,انا شعر قراءه,انا اقرا
0073,انا شراء تفاحه موزه انواع,انا اشتريت فواكه
0074,انا سعيد مقابله,انا سعيد بلقائك
0075,هو رغبه رياضه سوال قلب رغبه سوال,ما هي الرياضه التي تحبها
0076,انا حب كره_قدم كثير حب,احب لعب كره القدم كثيرا
0077,سوال هو شراء تفاحه,هل اشتريت التفاح
0078,انا شراء تفاحه لا_يوجد,انا لم اشتري التفاح
0079,هو لبس جيد حلو,لبسه جميل
0080,جو برد قليل,الجو بارد قليلا
0081,انا الان ماضي تعب,كنت متعب قليلا امس
0082,هو مشاهده هاتف مشاهده,هل رايت هاتفي
0083,هو صديق انا,هو صديقي
0084,سوال عمر اخ هو,كم هو عمر اخيك
0085,انا استيقاظ وقت خمس صباح كل_يوم,استيقظ في الخامسه كل صباح
0086,نهايه كتابه منزل نهايه,انتهيت من واجباتي
0087,انا خلط اكل خلط كل_يوم ليل,اطبخ كل ليله
0088,انا خوف,انا خائف
0089,سبب خوف,لماذا انت خائف
0090,دعوه مع دعوه اكل ليل دعوه الان ليل,لنتناول العشاء معا الليله
0091,سوال كرسي حمام,اين الحمام
0092,انا رغبه شرب بقره,اريد ان اشرب الحليب
0093,اعاده عوده مدرسه حافله,نعود الى المدرسه بالحافله
0094,هو اكل صباح اكل هو,هل اكلت الفطور
0095,انا اب خلط اكل نارغرفه,ابي يعد العشاء في المطبخ
0096,مكتبه مدرسه جميل,مكتبه المدرسه جميله
0097,لا حب اكل موز,لا احل اكل الموز
0098,كتاب جواز تذكره طياره حقيبه_يد يوجد,جواز سفري و تذكره الطياره في الحقيبه
0099,انا اب حادث,تعرض ابي لحادث
0100,انا اكل ليل وقت تسع,انا اكل العشاء الساعه التاسعه
0101,انا زوج عمل كثير,زوجي يعمل كثيرا
0102,زوج عمل سوال اكل لوحه,زوجي يعمل في المطعم
0103,هو طفل رغبه لعب انواع كثير,يريد الطفل العاب متنوعه
0104,رغبه حذاء خوف,اريد حذاء جديد
0105,انا رغبه تلفاز حاسب خوف,اريد كمبيوتر جديد
0106,هو رغبه دراجه,اريد دراجه
0107,زهره مطر رغبه,الزهور تحتاج المطر
0108,استفهام هو جوع اكل هو,هل انت جائع
0109,هو يوجد سلطه اتقان,هل لديك سلطه طازجه
0110,استفهام هو تفاحه اتقان,هل لديك تفاح طازج
0111,اخ جوع,اخي جائع
0112,هو ام جوع,والدتك جائعه
0113,الان تفاحه موزه يوجد لوحه,يوجد اليوم تفاح و موز في السوبرماركت
0114,هو مساعده,هل تساعدني
0115,شرطه استفهام منزل ام سوال,يسالني الشرطي عن مكان والدتي
0116,تاريخ زوج هو ذهاب سينما,متى سيذهب زوجك للسينما
0117,معلم ذهاب مركز صم يوم الاربعاء,يذهب المعلم الى مركز الصم يوم الاربعاء
0118,شخص صم ذهاب مركز صم,يذهب الاصم الى مركز الصم
0119,انا بيتزا سوال لوحه اكل,انا اكل البيتزا في المطعم
0120,هو رغبه حب اكل شوكولاته بسكوت حب هو,تحب ان تاكل البسكوت و الشوكولاته
0121,انا سياره ركوب ذهاب لوحه بقاله شوكولاته,انا اقود الى السوبرماركت
0122,بنت دراجه,البنت تركب دراجه
0123,انا صديق دراجه ماضي,ركب صديقي دراجه امس
0124,شرطه دراجه_ناريه,يركب الشرطي دراجه ناريه
0125,ولد صم هو سياره قدره,الرجل الاصم يقود سياره
0126,مدرسه شخص سياره ذهاب وصل مركز سياره,ياتي الطالب الى المعهد بالسياره
0127,استفهام الحذاء مشاهده سوال,هل رايت الحذاء
0128,هو قدره مشاهده نظاره,هل رايت النظارات
0129,لاب_توب حاسب مشاهده لاب_توب,هل رايت الكمبيوتر
0130,انا ذهاب سينما الان ليل,انا ذاهب الى السينما الليله
0131,اخ ذهاب اكل لوحه,ذهب اخي الى المطعم
0132,انا ذهاب لوحه شوكولاته بقاله انواع شراء,انا ذاهب الى السوبرماركت
0133,زوج ذهاب لوحه بقاله,يذهب الزوج الى السوبرماركت
0134,دعوه نداء اكل رغبه تعداد,اطلب من النادل
0135,الان برد ليل برد,الجو بارد الليله
0136,الان برد ماضي مركز صم,شعرت بالبرد في مركز الصم امس
0137,انا شعور برد حافله داخل ليل الان,انا اشعر بالبرد في الحافله الليله
0138,شراء شاي شرب رغبه هو,هل تريد شراء الشاي
0139,انا شراء شوكولاته,انا اشتري الشوكولاته
0140,ولد شخص شراء ماء,الولد يشتري الماء
0141,انا غدا حاسب شراء,سوف اشتري كمبيوتر غدا
0142,الان خس ال خ س لوحه بقاله,اليوم نشتري الخس من السوبرماركت
0143,انا الان خلط اكل,انا اطبخ الان
0144,الان خلط لا,لا اطبخ الان
0145,وقت سوال حافله دخول,متى تاتي الحافله
0146,وقت رئيس ذهاب وقت سوال,متى ياتي الرئيس
0147,رقم بسكوت مال تفاحه مال رقم,كم سعر البسكوت والتفاح
0148,زوج هو معرفه لغه اشاره,زوجك يتعلم لغه الاشاره
0149,هو صديق هو معرفه لغه اشاره,صديقك يتعلم لغه الاشاره
0150,بنت هو قراءه,المراه تقرا
0151,ولد قراءه,الولد يقرا
0152,صديق كتاب قراءه,صديقي يقرا كتاب
0153,ام قراءه كل_يوم السبت,الام تقرا كتاب يوم السبت
0154,اخ حب كتاب خوف هو,يحب اخوك قراءه كتاب جديد
0155,انا حب شاي,نحن نحب الشاي
0156,انا حب بقره اتقان,انا احب الحليب الطازج
0157,طفل حب ثلج هو,الطفل يحب الثلج
0158,انا حب شوكولاته بقره,انا احب الشوكولاته و الحليب
0159,هو حب شوكولاته بسكوت,تحب الشوكولاته او البسكوت
0160,سلطه اتقان ممتاز,السلطه الطازجه طعمها جيد
0161,موزه تفاحه اتقان ممتاز جيد,طعم الموز والتفاح الطازج جيد
0162,انا صديق كتابه,صديقي يكتب
0163,ممكن صديق قدره كتابه,يمكن لصديقي ان يكتب
0164,لعب هو ممتاز,اللعبه جميله
0165,انا بحث تفاحه احمر,انا ابحث عن تفاح احمر
0166,هو رغبه قهوه شاي رغبه سوال,هل تريد قهوه او شاي
0167,هو بحث قهوه شاي,هل تريد شاي ام قهوه
0168,انا بحث تفاحه احمر شوكولاته,انا ابحث عن تفاح احمر و شوكولاته
0169,رئيس اتصال,الرئيس على الهاتف
0170,استفهام غدا صديق لقاء,هل ستلتقي بصديقك غدا
0171,انا غدا صديق لقاء,سالتقي بصديقي غدا
0172,هو شرب هو,هو يشرب ماء
0173,انا شرب ماضي,شربت الماء امس
0174,ولد شخص ماء هو,الولد يشرب الماء
0175,نسيان دراجه,نسيت الدراجه
0176,انا جميع جوع,نحن جائعون
0177,حافله خوف هو,الحافله جديده
0178,سوال بيتزا,اين البيتزا
0179,نظاره غالي,النظارات غاليه
0180,حذاء رخيص,الحذاء رخيص
0181,حاسب لاب_توب غالي,الكمبيوتر غالي السعر
0182,شوكولاته صحه,الشوكولاته صحيه
0183,اب مستشفى منزل سبب حادث,والدي في المستشفى لانه تعرض لحادث
0184,استئذان عصير تفاحه,من فضلك اعطني عصير تفاح
0185,رغبه صوره قط صغير,ابني يريد تصوير القط الصغير
0186,انا خوف ولاده قبل وقت,اخاف من الولاده قبل الاوان
0187,انا ام ذهاب مستشفى سبب مرض,ذهبت والدتي الى المستشفى لانها مريضه
0188,انا نوم تقلب,اجد صعوبه في النوم
0189,ابن زعل سبب كلب موت,ابني حزين لان الكلب مات
0190,جد ماضي هو حزن سبب طير موت,جدي حزين لان الطائر مات
0191,انا زعل سبب قط موت الان صباح,انا حزين لان قطتي ماتت هذا الصباح
0192,انا ذهاب مزرعه شراء بيض موزه انواع,اذهب الى المزرعه لشراء البيض و الموز
0193,وجوب استيقاظ وقت سبع كل_يوم,يجب ان استيقظ الساعه السادسه كل يوم
0194,انا صديق صم قدره ترجمه اشاره,صديقي اصم لكن يمكنني ان اترجم له
0195,استئذان تذكره طياره عطاء,من فضلك اعطني تذكره الرحله
0196,ترجمه ذهاب مركز الثلاثاء مستمر,المترجم يذهب الى المعهد كل يوم ثلاثاء
0197,انا حفيد رغبه سباحه بحر,احفادي يرغبون السباحه في البحر
0198,انا معرفه اخبار ترجمه مشاهده معرفه,انا افهم الاخبار مع الترجمه
0199,مشاهده شاشه قليل مشاهده اخبار,نادرا اشاهد الاخبار التلفزيونيه
0200,انا غدا وقت اثنان عمل خلاص,ينتهي عملي غدا الساعه الثانيه
0201,هو هاتف اتصال شرطه,انت اتصلت بالشرطه
0202,رغبه ساعه تخفيض طياره معاق,اريد خصم الرحله للمعاقين
0203,انا اسم سياره اسم,اريد نقل ملكيه سيارتي
0204,استفهام صدر خوف مسوول سوال سياره اسم,من سيكون المالك الجديد
0205,هو وجوب شرب زياده,يجب ان تشرب الكثير من الماء
0206,كتاب صباح صيف مكتبه لوحه صباح صيف,المكتب مفتوح في الصباح و الظهر
0207,ولد سرق هاتف,سرق شخص ما هاتفي
0208,انا ولد هو هاتف اخذ اختفاء,اخذ رجل الهاتف وهرب
0209,انت سوال ذهاب جري,الى اين ركض
0210,مستمر جري بحر,ركض الى الشاطئ
0211,سوال هو ماضي هو,اين كنت
0212,هو ماضي كوفي انتظار,كنت في مقهى
0213,هو انا بحث هاتف بحث جواب,سوف ابحث عن الهاتف و نبلغك
0214,هو رغبه اسبوع اخر راحه سعيد,اتمنى لك عطله نهايه اسبوع سعيده
0215,انا رغبه جواز سفر رغبه,اريد الحصول على جواز سفر
0216,رغبه شكوى,اريد تقديم شكوى
0217,انا رغبه طبيب د,انا بحاجه الى طبيب
0218,د يوجد غدا يوجد,الطبيب موجود غدا
0219,مشكله سوال,ما المشكله
0220,انا لا صحه سيئ,صحتي غير جيده
0221,انا استفراغ ثاني اسهال انا,انا اتقيا و اعاني من الاسهال
0222,تاريخ سوال اسهال تاريخ فتح,منذ متى تعاني من الاسهال
0223,ثلاث قبل,ثلاث ايام
0224,هو حمى هو,هل لديك حمى
0225,نعم انا دوخه,نعم انا اعاني من دوخه
0226,انا ماضي ثلاث اكل سوال,ماذا اكلت قبل ثلاث ايام
0227,انا رغبه وقت موعد صوره بطن رغبه,اريد موعدا لاجراء تصوير البطن بالموجات فوق الصوتيه
0228,هو تجنب بقره خضار انواع تجنب,تجنب منتجات الالبان و الخضار
0229,انا قدره دجاج سمكه,يمكنني اكل الدجاج و السمك
0230,تمام اريد اكل رز مكرونه قدره,بالطبع يمكن ان تاكل الرز و المكرونه
0231,انا عمل لا_يوجد تامين لا_يوجد,انا عاطل عن العمل و ليس لدي تامين
0232,هو دفع مال سوال,اين دفع الرسوم
0233,بنك اي_شي,في احد البنوك
0234,هو مقابله ملكيه مقابله محادثه,هل تحدثت الى المالك
0235,اعاده عوده ثلاث عوده,تعال مره اخرى بعد ثلاث ايام
0236,هو عوده مع هو,هل جئتم معا
0237,ان_شاء_الله غدا دفع,ان شاء الله ادفع غدا
0238,رغبه مستقبل سعيد,اتمنى لك مستقبل سعيد
0239,مهم بطاقه هويه اخذ صوره,احتاج الى بطاقه الهويه و صوره ضوئيه
0240,ولد سرقه حقيبه_يد,سرق الرجل حقيبتي
0241,هو اختبار اخر شهاده,سيتم اختبارك و ستحصل على النتائج
0242,هو رخصه رسمي واحد ثلاث,ستكون الرخصه جاهزه في غضون ثلاث اسابيع
0243,بطاقه سوال اسابيع ثلاث,سيكون التصريح جاهز في غضون ثلاث اسابيع
0244,جواز كتاب اتقان ممكن عشر_ايام,سيكون جواز السفر جاهز في غضون عشر ايام
0245,وجوب دفع جواز سفر,يجب عليك دفع رسوم جواز السفر
0246,شكر,شكرا
0247,شكر مساعده,شكرا لمساعدتك
0248,صباح خير,صباح الخير
0249,صباح خير طاعه خدمه سوال,صباح الخير كيف يمكنني ان اخدمك
0250,صباح خير هو رغبه مساعده,صباح الخير هل تحتاج مساعده
0251,ولد صفه سوال,صف الرجل
0252,ولد طويل نحيف شعر اصفر قصير,كان الرجل طويل ونحيل وشعره اشقر قصير
0253,انا بطن الم,عندي الم في المعده
0254,انا جواز تاريخ انتهاء,جواز سفري منتهي الصلاحيه
0255,سبب ولد شخص لبس سوال,ماذا كان يرتدي الرجل
0256,ولد لبس بنطال احمر حذاء ابيض,الرجل يرتدي بنطال احمر و حذاء ابيض
0257,سوال جواز تاريخ انتهاء تاريخ سوال,ماهو تاريخ نهايه صلاحيه الجواز
0258,سن خمس,خمس سنوات
0259,سوال ضياع حقيبه_يد,كيف فقدت الحقيبه
0260,ماضي مرض خطر,اصبت بمرض خطير
0261,هاتف هويه ضياع سوال,كيف فقدت هاتفك و هويتك
0262,هو بطن ت س م م,لديك تسمم غذائي
0263,انا هويه ضياع,فقدت هويتي
0264,انا ممتاز اتقان,حالي ممتاز
0265,وقت مسافه طياره خارج مسافه تاريخ سوال,ما هي الفتره التي ستقضيها بالسفر الى الخارج
0266,تاريخ سرقه تاريخ سوال,متى حدثت السرقه
0267,ماضي,منذ زمن
0268,تاريخ فتح مرض,متى بدا المرض
0269,مرض ماضي صغير مرض,مرضت عندما كنت طفل
0270,دعوه انا رغبه مساعده,مرحبا انا بحاجه الى مساعده
0271,انا دعوه طاعه مساعده,مرحبا كيف يمكنني المساعده
0272,دعوه اخبار حال جيد,مرحبا ما اخبارك
0273,ليل خير,مساء الخير
0274,مع_السلامه,مع السلامه
0275,سوال ازعاج سوال,من يزعجك
0276,هو دواء ماضي يوجد,هل تناولت اي ادويه
0277,هو يوجد تحويل د,هل لديك تحويا من الطبيب
0278,انا نعم د بطن,نعم من طبيب الجهاز الهضمي
0279,هو يوجد تامين,هل لديك تامين
0280,نعم تامين,نعم لدي تامين
0281,هو رخصه سياره هو,هل لديك رخصه سياره
0282,هو بطاقه صوره هويه هو,هل عندك بطاقه هويتك
0283,ثاني صوره سوال جواز_سفر,و صوره جواز السفر
0284,ولاده طفل اتقان,ولد الطفل سليم
0285,ولاده ماضي تسع,ولد الطفل قبل الاوان
0286,وجوب طلب صوره هويه,يجب عليك احضار صوره من هويتك
0287,سوال هو هاتف مشاهده سوال,هل رايت الهاتف
0288,طاوله على,على الطاوله
0289,استفهام سوال سرقه هاتف هو,من الذي سرق الهاتف
0290,هو كتابه تفاصيل حال,اكتب الحدث بالتفصيل
0291,هو عضو مع السعوديه قصه,هل انت عضو في الفريق السعودي
0292,نعم انا مع السعوديه قصه رمايه صم,نعم انا في الفريق السعودي للرمايه للصم
0293,غدا شهاده تقديم,ساحضر الشهاده غدا
0294,سوال عمر سن,كم عمرك
0295,انا تعليم ولد اخر شهاده,انا ادرس وابني لديه شهاده
0296,انا رغبه لا ممتاز,لا احتاج شيء
0297,هو قلم يوجد,هل لديك قلم
0298,هو كتابه تاريخ الان,اكتب تاريخ اليوم
0299,انا رغبه بطاقه سياره,اريد الحصول على رخصه قياده
0300,استفهام دواء قدره هو,هل تناولت الدواء
0301,انا نوم ليل,انام ليلا
0302,انا حب لون ابيض كره لون اسود,احب اللون الابيض واكره اللون الاسود
0303,انا رغبه شراء سوق لوحه,اريد ان اشتري اغراض منزلي من السوبرماركت
0304,انا اسم ا ح م د,اسمي احمد
0305,انا عمل ترجمه لغه اشاره,انا اعمل مترجم لغه اشاره
0306,انا قراءه كتاب,انا اقرا الكتاب
0307,انا مع اسره مع مشاهده كره_قدم مباراه,انا واسرتي ذهبنا لمشاهده مباراه كره قدم
0308,انا رغبه ذهاب مستشفى سبب ابن مرض,اريد الذهاب للمستشفى بسبب ابني مريض
0309,انا اب بيع تصوير,ابي باع الكاميرا
0310,اب انا لون حب لون ازرق ام لون حب سوال وردي,ابي يحب اللون الازرق وامي تحب اللون الوردي
0311,انا حب اب,احب ابي
0312,انا حب بنت اخ,احب اختي
0313,انا حب صلاه,احب صلاه
0314,انا حب اكل,احب الطعام
0315,انا حب صديق,احب زميلي
0316,انا اخ بنت جميل,اختي جميله
0317,انا اخ زواج الثلاثاء قادم,اخي سيتزوج يوم الثلاثاء القادم
0318,حقيبه_ظهر حقيبه_يد خفيف,الحقيبه خفيفه
0319,انا اخ سياره سرعه,اخي يقود السياره بسرعه
0320,انا مساعده ام منزل,اساعد امي في المنزل
0321,انا مساعده فقير,اساعد الفقراء
0322,انا صديق مدرسه مع ثلاث بنت ولد خمس,اصدقائي في المدرسه ثلاث بنات و خمس اولاد
0323,انا معرفه لغه اشاره,انا اتعلم لغه الاشاره
0324,انا وضوء صلاه,انا اتوضا للصلاه
0325,انا حب كره_قدم صيد سمكه,انا احب كره القدم وصيد السمك
0326,انا طاعه سوال معلم,انا احترم المعلم
0327,انا زياره اقارب مستمر,انا ازور اقاربي دائما
0328,انا عمل معلم مدرسه,انا اعمل معلم مدرسه
0329,انا نار خلط صباح اكل,انا اجهز الفطور
0330,انا حفظ مدرسه قراءه,انا احفظ الدرس
0331,انا مدرسه جامعه,انا ادرس في الجامعه
0332,انا معرفه قراءه مدرسه,انا اذاكر دروسي
0333,انا ذهاب مدرسه,انا اذهب للمدرسه
0334,انا مشي منزل,انا اذهب للمنزل
0335,انا فوضى ترتيب غرفه نوم,انا ارتب غرفتي
0336,انا طاعه معلم بنت,انا استمع للمعلمه
0337,انا ذهاب مع اب صلاه الجمعه,انا ذاهب مع والدي الي صلاه الجمعه
0338,انا زوج مع كل_يوم مشي,انا وزوجتي نمشي يوميا
0339,اب نوم سرير,ابي ينام على السرير
0340,الاسبوع_الماضي جد موت رحمه الله,الاسبوع الماضي جدي مات رحمه الله
0341,الاسبوع_الماضي صديق جد موت,الاسبوع الماضي صديقي جده مات
0342,الجمعه السبت اجازه,الجمعه و السبت عطله
0343,شرطه قال ممنوع انتظار,الشرطي قال ممنوع الانتظار
0344,صيف نهايه ذهاب برد,الصيف انتهى و جاء الشتاء
0345,غني مساعده فقير,الغني يساعد الفقير
0346,ولد ذهاب مدرسه ابتسامه,الولد يخرج من المدرسه سعيد
0347,ولد دخل مدرسه خوف,الولد يدخل المدرسه خائف
0348,هو ابن بنت اول عمر سن سوال اسم سوال,ابنتك الاولى كم عمرها و ما اسمها
0349,رقم عمر ابن ولد,كم عمر ابنك
0350,اب هو اسم سوال,ابوك ما اسمه
0351,ام اب صم,ابي و امي من الصم
0352,انا اخ موزه اكل صباح,اخي ياكل الموز صباحا
0353,استيقاظ وقت ست صباح,استيقظ الساعه السادسه فجرا
0354,اسف فهم كلام لا انا,اسف لا افهم ما تقول
0355,انا اسم م ر ا د,اسمي مراد
0356,انا تنظيف_اسنان,اغسل اسناني
0357,غسل_وجه,اغسل وجهي
0358,غسل_يد,اغسل يدي
0359,بحر لون ازرق,البحر ازرق
0360,عضل رياضه فائده صحه,البروتين مفيد للجسم
0361,منزل جدار لون ابيض,الجدار ابيض
0362,مدرسه سهل,الدرس سهل
0363,مدرسه مشاهده فائده,الدرس مفيد
0364,ولد شخص صعود جبل,الرجل يصعد الجبل
0365,السبت ماضي انا تعب,السبت الماضي كنت متعب
0366,السلام_عليكم,السلام عليكم
0367,ولد بناء منزل جميل,الشاب يبني بيت جميل
0368,شباب شخص رغبه سباحه,الشاب يحب السباحه
0369,صلاه حلو,الصلاه جميله
0370,د مساعده انسان,الطبيب يساعد الناس
0371,اكل فائده مستشفى,الطعام صحي
0372,قلم لون ازرق,القلم ازرق
0373,لون قلم انا خاص,القلم هذا لي
0374,مدرسه جميل,الكتاب رائع
0375,ترجمه سريع ذكي,المترجم سريع وذكي
0376,نوم فندق ممتاز سعيد,النوم بالفندق مريح
0377,ولد هو كتابه,الولد يكتب الدرس
0378,ولد شخص لعب,الولد يلعب
0379,مع_السلامه,الى اللقاء
0380,ام نداء انا اخ,امي تنادي اخي
0381,انا فهم لغه اشاره قليل,انا افهم لغه الاشاره قليلا
0382,انا كره طفل بكاء,انا اكره بكاء الطفل
0383,انا سعيد سبب مشاهده,انا سعيد برويتك
0384,انا عمر اثنان_ثلاثون سن,انا عمري ٣٢ سنه
0385,هو حب قهوه كوفي,انت تحب القهوه
0386,هو شخص ذكي,انت شخص ذكي
0387,هو سوال منزل موقع سوال,ما هو عنوان منزلك
0388,انا جد ماضي شراء مزرعه,جدي اشترى مزرعه
0389,جد ماضي حب شاي اب انا حب قهوه,جدي يحب الشاي و ابي يحب القهوه
0390,مدرسه قصه يوجد طاوله هو,كتاب القصه على الطاوله
0391,استفهام سوال ابن جيد,كيف حال ابنك
0392,استفهام سوال شخص هو اسره جيد,كيف حال اسرتك
0393,انا زوج لا_يوجد,انا لست متزوج
0394,مع ذهاب,نذهب معا
0395,استفهام هو اسم سوال,ما هو اسمك
0396,هو عمل سوال,ماذا تعمل
0397,انا صم,انا اصم
0398,استفهام هو صم,هل انت اصم
0399,استفهام هو زوج,هل انت متزوج
0400,كل_يوم صباح مشي وقت اثنان,يوميا في الصباح امشي لمده ساعتين
0401,انا رغبه اكل مكرونه,اريد ان اكل المكرونه
0402,انا رغبه شراء بيض رز,اريد شراء البيض و الرز
0403,انا رغبه ذهاب بحر,اريد ان اذهب الى البحر
0404,هو بنت شخص حذاء اسود فستان لون وردي,البنت ترتدي حذاء اسود و فستان وردي
0405,صيف ذهاب صيد سمكه,في الصيف اذهب لصيد السمك
0406,انا اخ حب لون احمر,اخي يحب اللون الاحمر
0407,سرير خفيف سعيد,السرير مريح
0408,كلب خلف منزل,الكلب خلف الحائط
0409,انا سن الم سن,عندي الم في اسناني
0410,انا حفيد مع ذهاب قهوه كوفي,انا و احفادي ذهبنا الى المقهى
0411,انا اسف,انا اسف
0412,فندق داخل برد,الفندق بارد
0413,انا ابن ت س م م بطن,ابني يعاني من تسمم غذائي
0414,انا حب لا ال ب ق و ل ي ا ت,لا احب البقوليات
0415,انا معرفه سبب اختبار,انا اذاكر للاختبار
0416,انا وضوء قبل نوم,انا اتوضا قبل النوم
0417,ام نار خلط غرفه خلط,امي تطبخ الفطور في المطبخ
0418,طفل لعب بحر قريب,الطفل يلعب على الشاطى
0419,انا حب برد,احب البرد
0420,انا حب تفاحه موزه انواع صيف,احب اكل الفاكهه في الصيف
0421,انا لقاء اقارب مباراه,التقي باقاربي في المباراه
0422,سوال موقع بيع,اين المتجر
0423,انا ابن بنت بطن,ابنتي تعاني من الم في المعده
0424,انا اخ رغبه لا ال خ س,اختي لا تحب الخس
0425,دجاج طير في ب ر و ت ي ن,الدجاج فيه بروتين
0426,انا اخ مع ارنب قصه رمايه,اخي في فريق الرمايه
0427,انتظار اخ بنت جامعه,انتظر اختي في الجامعه
0428,شخص خدمه نحيف ركض سرعه,النادل نحيل وسريع
0429,طفل بكاء صراخ ازعاج,بكاء الطفل مزعج
0430,اخ بنت جديله لون اصفر,شعر اختي طويل ولونه اشقر
0431,ذاكره نسيان تذكره طياره,لقد نسيت تذكره الطياره
0432,لا طاوله كرسي لا,لا تجلس على الطاوله
0433,رغبه وقت اتقان د هضمي,اريد موعد مع طبيب الجهاز الهضمي
0434,ولد هو اختفاء شرطه,هرب الرجل من الشرطه
0435,انا غسل_وجه صباح,اغسل وجهي في الصباح
0436,انا شراء انا اخ شراء دراجه_ناريه,اشترى اخي دراجه ناريه
0437,انا منزل مدرسه اخر نهايه,انتهيت من واجباتي المدرسيه
0438,حقيبه_يد حقيبه_ظهر حقيبه_يد خفيف لا,الحقيبه ليست خفيفه
0439,كلب جبل صعود,الكلب يصعد الجبل
0440,ولد كتابه جدار كتابه,الولد يكتب على الجدار
0441,انا الثلاثاء شراء تصوير,ساشتري كاميرا يوم الثلاثاء
0442,ممنوع كرسي لا_2,ممنوع الجلوس
0443,سوال مال سوال صوره اسود بطن,كم سعر تصوير الموجات فوق الصوتيه للبطن
0444,استفهام لوحه الثلاثاء مفتوح هو,هل المحل مفتوح يوم الثلاثاء
0445,هو ثلج قليل هنا,الثلج نادر هنا
0446,هو تاريخ وقت ولاده,متى موعد الولاده
0447,انا حضور تاريخ وقت محدد تاخير,حضرت للموعد متاخر
0448,انا رغبه شكوى سبب ازعاج,اريد تقديم شكوى بسبب الازعاج
0449,انا اخ رغبه طياره تخفيض,ابي يريد بدل اعاقه
0450,انا رغبه كلمه منزل نقل,اريد نقل ملكيه المنزل
0451,هو ملكيه منزل خوف انا,هو مالك المنزل الجديد
0452,انا جد رغبه حب سوال اخبار تلفاز,جدي يحب مشاهده الاخبار التلفزيونيه
0453,انا اخ بناء سوال جبل,اخي يبني بيت فوق الجبل
0454,رياضه فائده صحه,الرياضه مفيده للصحه
0455,انا مشاهده هويه نظر سوال الاربعاء,لقد وجدت هويتي يوم الاربعاء
0456,استفهام بطاقه يوجد,هل لديك رخصه
0457,ممنوع اكل بقره جبن انواع,ممنوع ان اكل منتجات الالبان
0458,انا جد جيد غني,جدي جيد وغني
0459,تقديم فقير اكل,اعطي الفقير اكل
0460,استفهام حب بقره او عصير,هل تحب الحليب ام العصير
0461,انا غرفه لون وردي,غرفتي لونها وردي
0462,موقع منزل سوال,ما هو عنوانك
0463,انا ضياع كتاب قصه,فقدت كتاب القصه
0464,اتصال زوج,اتصلت بزوجي
0465,هو طير دخل سرير تحت,الطائر تحت السرير
0466,انا طاعه جد,انا احترم جدي
0467,الان تاريخ اثنان عشر,اليوم هو الثاني من اكتوبر
0468,انا غدا منزل ترتيب تنظيف,انا ارتب المنزل يوميا
0469,استئذان غدا عوده,من قضلك تعال غدا
0470,انا رغبه دوره_مياه,اريد ان اذهب الى الحمام
0471,زوج هو شراء كل_يوم الجمعه منزل اعطاء,زوجي يشتري اغراض المنزل يوم الجمعه
0472,رغبه لا انتظار,اكره الانتظار
0473,مال دفع بطاقه سياره مال رخيص,رسوم رخصه القياده رخيصه
0474,انا رغبه صوره_شخصيه اربع,انا اريد اربع صور ضوئيه
0475,انا اخ عمل بدون,اخي عاطل عن العمل
0476,عمر ام انا اثنان_ثلاثون سن,عمر امي اثنان و ثلاثون سنه
0477,هو استفهام هو ولد شخص صفه سرقه سوال,صف الرجل الذي سرق
0478,هو ولد ولاده اتقان صباح,ولد الطفل سليم في الصباح
0479,مشاهده صعب تقلب سبب ازعاج صراخ,اجد صعوبه في النوم بسبب الازعاج
0480,انا اخ بنت زواج تاريخ السبت قادم,اختي ستتزوج يوم السبت القادم
0481,انا مشاهده معرفه مدرسه,انا استمع للدرس
0482,انا حفظ مدرسه داخل مدرسه,انا احفظ الدرس في المدرسه
0483,انا ام عمل داخل منزل داخل,امي تعمل في البيت
0484,انا رغبه تحويل د بطن,اريد تحويل من طبيب الجهاز الهضمي
0485,تاريخ سوال د عوده تاريخ سوال,متى سيعود الطبيب الى المستشفى
0486,انا ابن بنت عمر اربع_سنوات,ابنتي عمرها اربع سنوات
0487,انا سياره حافله,انا اقود الحافله
0488,انا زياره هو جد اسبوع مستمر,ازور جدي كل اسبوع
0489,انا سعيد سبب صيف اغلاق,انا سعيد بعطله الصيف
0490,انا لبس بنطال لون ازرق,انا البس بنطلون جينز ازرق
0491,انا استفراغ دوخه حمى الان,انا اتقيا واعاني من دوخه وحمى الان
0492,انا ذهاب فيلم سينما وقت اثنان ليل,انا اذهب الى السينما الساعه الثانيه مساء
0493,انا اخ عضو مع السعوديه قصه كره_قدم,اخي عضو في الفريق السعودي لكره القدم
0494,بيع جد بيع مزرعه,باع جدي المزرعه
0495,معلم بنت نداء اخ بنت,المعلمه تنادي اختي
0496,دراجه_ناريه هو خطر,الدراجه الناريه خطيره
0497,سوال اخر شهاده سوال,ما هي نتائج الاختبار
0498,انا غسل_يد قبل اكل,اغسل يدي قبل الاكل
0499,بنت هو لبس لون ابيض,المراه ترتدي لبس ابيض
0500,استفهام نسخ بطاقه هو,هل لديك نسخه من التصريح
0501,كيفيه كيمياء تقطيع ذوبان ز ب د ه,كيف تصنع الزبده
0502,ولد طلب بيتزا تقطيع حار,يطلب الرجل بيتزا دافئه
0503,اخ هو رغبه طلب شاي مع بقره,يطلب الاخ الشاي الدافئ مع الحليب
0504,انا رغبه دراجه اختيار,احتاج الى دراجه جديده
0505,سوال هو يوجد دهن ذوبان ز ب د ه,هل عندك زبده
0506,تنبيه سوال طفل هو طريقه سينما عرض ,سالني الطفل عن الطريق الى السينما
0507,سوال ولد هو طريقه طريق مركز,يسالني الرجل عن الطريق الى المعهد
0508,عوده خدمه مساعده سوال يوم الاربعاء اكل لوحه,ياتي النادل الى المطعم يوم الاربعاء
0509,شخص مدرسه سياره يوم الجمعه,يقود الطالب السياره يوم الجمعه
0510,استفهام سوال مشاهده قدره حذاء مشي حذاء سوال,اين يمكنني ان اجد الحذاء
0511,مشي وصول الان سوال سياره,ياتي النادل الى هنا بالسياره
0512,انا اخ سامع معرفه لغه اشاره,اخي السامع يتعلم لغه الاشاره
0513,انا انتظار وصول بقره اصلي,سانتظر وصول الحليب الطازج
0514,اعطاء هذا مال رخيص لا,الهديه ليست رخيصه
0515,الان تساقط حبه صغير ابيض تساقط زياده يوم الاثنين,سوف تتساقط الثلوج بكثره يوم الاثنين
0516,الان اخ صغير مجامله عنايه طفل مولود,اليوم اختي الصغرى تعتني بالطفل
0517,انا قدره غسل خزانه تعليق كل_سنه ثلاث_سنوات,اقوم بتنظيف خزانه ملابسي كل ثلاث سنوات
0518,انا ايجار غسل كنس نفسي سبب خدمه مرض هو,انظف الشقه بنفسي لان عامله التنظيف مريضه
0519,استفهام هو رغبه هو عسل او سكب,هل تختار المربى ام العسل
0520,كل_يوم الاحد مستمر جد خياطه ملابس,كل يوم احد تقوم جدتي بكي قميصي
0521,انا خزانه تعليق جميل,لدي خزانه جميله
0522,انا منزل فيلا راحه مع سوال زهره,لدي منزل مريح مع حديقه
0523,الان صباح الان تعب مرض بطن الم,هذا الصباح كنت اعاني من الام شديده في المعده
0524,تفضل زياره ام وصول منزل سبب انا مرض برد,تزورني و الدتي لانني مصابه بنزله برد
0525,انا قدره خزانه تعليق الان الخميس,ساحصل على خزانه هذا الخميس
0526,ام انا اعطاء شوربه,اعطتني و الدتي صحن شوربه
0527,اعطاء اخ خزانه تعليق ملابس,اعطاني اخي خزانه ملابس
0528,هو فلاح حوض هذا سوال هذا بيض,اعطاني المزارع سله من البيض
0529,هذا عطاء اب سوال طاوله تعليق خزانه,اعطاني والدي طاوله و خزانه
0530,انا حزين سبب اسره بعيد,انا حزين لانني افتقد عائلتي
0531,انا سعيد سبب جو اضاءه واضح شمس,انا سعيد بالطقس الجميل لانه مشمس و صافي
0532,الان اطفال مع اخذ ذهاب مدرسه انا,اليوم اخذ الاطفال الى المدرسه بنفسي
0533,ماضي عمل تعب صيف الان راحه سعيد,بالامس عملت كثير و اليوم انا استريح
0534,انا اخت بنت رغبه خياطه ملابس,اختي تريد خياطه البلوزه
0535,استفهام اسم هو كلب قصير اسم,ما اسم كلبك الصغير
0536,لا ماضي بطن الم لا_يوجد,لم يكن لدي الام في المعده امس
0537,انا سعيد سبب الحمدلله الان راس الم الحمدلله لا_يوجد,انا سعيد لانني لا اعاني من صداع اليوم
0538,الان مطر مشاهده صعب مشكله سبب مظله لا_يوجد,انها تمطر و هذه مشكله الان لانني لا املك مظله
0539,انا رغبه لا تعليق خزانه تعليق رغبه لا,لا اريد شراء الخزانه
0540,وجوب هو الان نوم,عليك ان تنام الان
0541,استفهام هو رغبه بيض ملح تذوق حار مع,هل تريد بيض بالملح و الفلفل
0542,انا اب هو رغبه بيض مع تذوق حار لا,والدي يريد بيض بدون فلفل
0543,انا رغبه منزل صغير مع فتح هواء,اريد منزل صغير به شرفه
0544,وجوب الان استيقاظ خبز ساعه اربع ربع صباح كل_يوم,يجب ان يستيقظ الخباز في الساعه الرابعه و ربع صباح كل يوم
0545,الان اكل كل_يوم ممكن,نادرا اكل العطور في الصباح
0546,انا الان لقاء صديق قديم منقط قديم,قابلت صديقي في المتحف
0547,لا دخان مع عمل دخان لا,لا تدخن اثناء العمل
0548,الان يوم ولاده تاريخ سوال شهر ماضي,كان عيد ميلادي الشهر الماضي
0549,انا شراء تذكره اربع سبب دخول فتح منقط قديم,ساشتري لك اربع تذاكر للمتحف
0550,رغبه بحث رغبه بنت زواج,ابحث عن فتاه للزواج
0551,انا اخ ابن طويل,ابن اخي طويل
0552,اخ خال بنت ابن مولود موت ماضي,ابن خالتي الرضيع توفي يوم امس
0553,انا ولد_عم انا كره مدرسه بعيد,ابن عمي يكره المدرسه
0554,انا ابن بنت دجاج شوي,ابنتي تشوي الدجاج
0555,انا ابن استيقاظ وقت قبل,ابني يستيقظ قبل الوقت
0556,اب تدريب مستمر صدقه دفع فقير دفع مستمر,ابي دائما يتصدق للفقراء
0557,انا اب اخبرني قول رغبه لون سوال,ابي قال لي يا خالد تحب اي لون ما هو
0558,انا اب اخ ولد_عم جميع عمل حداده حديد,ابي واخي و ابن عمي جميعهم يعملون بالحداده
0559,انا اب عمل رقم سوال وزاره تصليح,ابي يعمل محاسبا في وزاره الصناعه
0560,اخ بنت معلم كيمياء سوال ثانوي,اختي معلمه فيزياء فبي الثانويه
0561,انا اخ اختيار بنت شباب وجه جميل,اخي اختار شابه جميله
0562,انا اخ خاص تخصص تدريب قراءه_شفاه كلام,اخي اخصائي تدريب نطق
0563,انا اخ حزين سبب هو مع ذهاب مباراه كره_قدم,اخي حزين لانه لم يذهب معنا لمشاهده مباراه كره القدم
0564,انا اخ رسم تصميم علم السعوديه كتاب مدرسه,اخي رسم علم السعوديه في الدفتر المدرسي
0565,انا اخ معلم صم,اخي يعمل معلما للاشخاص الصم
0566,انا اسره ام اب ثلاث بنت ثلاث ولد اثنين ,اسرتي تتكون من امي و  ابي و  ثلاث بنات و  ثلاث اولاد اثنين
0567,انا صلاه خمس وقت اتقان,اصلي الصلوات الخمس في وقتها
0568,انا طاعه ام اب,اطيع ابي و امي
0569,انا معرفه رياضه فائده جسم,اعلم ان الرياضه مفيده للجسم
0570,اسبوع قريب ترفيه حفل ولد_عم زواج,الاسبوع القادم حفله زواج ابن عمي
0571,حمايه السعوديه ملاحقه تجاره مخدرات,الامن السعودي يلاحق تجار المخدرات
0572,اسبوع_قادم انا طياره سبب عمره احرام,الاسبوع القادم ساسافر لاداء العمره
0573,اسبوع_قادم قريب اب وصول الرياض,الاسبوع القادم والدي يصل الي الرياض
0574,بنت شخص هو حب لون وردي لون بنفسجي لون اصفر لون فضي,البنت تحب اللون الوردي و البنفسجي و الاصفر و الفضي
0575,شخص بنت حب موسيقى,البنت تحب الموسيقى
0576,دخان تدخين هو ممنوع قريب بنزين,التدخين ممنوع في محطات الوقود
0577,جميع حب سوال ولد شخص كريم,الجميع يحب الشخص الكريم
0578,ولد اشخاص السعوديه ملابس غتره عقال,الرجال السعوديون زيهم يتكون من غتره وعقال
0579,رحله سعيد جميع سعيد,الرحله ممتعه والجميع سعيد
0580,رحمه جميع انسان اشخاص مسلم,الرحمه صفه المسلم
0581,الرياض عاصمه السعوديه,الرياض عاصمه السعوديه
0582,ضباب حادث,الضباب يسبب حوادث السير
0583,طريق منزل امام قريب,الطريق امام بيتي ضيق
0584,شخص عمل هو شخص رسم منزل صبغ لون ابيض,العامل يصبغ البيت باللون الاحمر
0585,قرد اكل موز,القرد ياكل الموز
0586,كتاب فوق تعليق تعليق خزانه ملابس,الكتاب فوق خزانه الملابس
0587,لون احمر لون دم,اللون الاحمر هو لون الدم
0588,الان ليل غيوم زياده,الليله في غيوم كثيره
0589,شرب ري حديقه,الماء يسقي الزرع
0590,محامي دعم حق,المحامي يدعم الحق
0591,مخدرات انواع سبب مشكله خطر جسم انسان,المخدرات تسبب مشاكل خطره على جسم الانسان
0592,بنت خوف سوال ثعبان,المراه تخاف من الثعبان
0593,معلم هو تعليم مدرسه اشخاص سوال مكان مدرسه,المعلم يعلم الطلبه في المدرسه
0594,ملك السعوديه زياره سوال فرنسا,الملك السعودي يزور فرنسا
0595,انسان سعيد سبب اجازه عيد ذبح,الناس سعداء بسبب عيد الاضحى
0596,انسان جميع ابتسامه سبب قريب شهر رمضان,الناس فرحين جداً بسبب قرب شهر رمضان
0597,شخص ولد شراء زهره تقديم ام,الولد اشترى باقه زهور و قدمها لامه
0598,شخص ولد هو حب لون اسود لون رمادي ذهبي ازرق بني,الولد يحب اللون الاسود و الرمادي و الذهبي و الازرق و البني
0599,الان صيف اكل مكرونه كوسا دجاج,اليوم الظهر وجبه الغداء مكرونه و كوسا و دجاج
0600,الان عم زياره عوده منزل,اليوم عمي سيقوم بزيارتنا
0601,الان مدرسه الان معرفه رياضه فائده جسم,اليوم في المدرسه تعلمت الرياضه مفيده للجسم
0602,جد هو حب لون احمر شديد,اما جدي فيحب اللون الاحمر الشديد
0603,انا ام قدره وجه قدره عالم,امي اجمل امراه في العالم
0604,انا ام شراء متر عشرين م ت ر قماش,امي اشترت عشرين مترا قماشا
0605,انا ام خلط صيف اكل خلط سوال تقطيع رز سوال دجاج شواء,امي اعدت غداء اليوم وهو ملوخيه و رز و دجاج مشوي
0606,انا حب السعوديه عربيه جميع,انا احب السعوديه و الامه العربيه
0607,انا رغبه ذهاب سوال وقت سبع ربع,انا ارغب بالذهاب الساعه سبعه و ربع
0608,انا رغبه ذهاب طياره موقع فرنسا,انا ارغب بالسفر لفرنسا
0609,انا شرب ماء نظيف,انا اشرب الماء النظيف
0610,انا زكام اسبوع واحد,انا اصبت بالزكام لاسبوع واحد فقط
0611,انا عمل عشر_ساعات كل_يوم هو تعب,انا اعمل عشره ساعات يوميا و هذا متعب للغايه
0612,انا الان ذهاب سوال شراء صيدليه,انا اليوم اذهب لاشتري من الصيدليه
0613,انا ماضي مشاهده قرد جميل,انا امس شاهدت قرد حلو
0614,انا مساعده شخص كفيف,انا ساعدت الشخص الكفيف
0615,انا سعيد سبب زواج صديق ع ل ي انا لا,انا سعيد السبب زواج صديقي علي
0616,انا زواج ابن بنت عمر اربع_عشر سن ولد هو عمر احد_عشر ,انا متزوجه و عندي بنت عمرها اربعه عشر سنه و ولد عمره احد عشر سنه
0617,انا مفلس مال لا_يوجد مال  قليل شهر ,انا مفلس السبب الراتب لم استلمه
0618,انا خال مع ذهاب زهره,انا وخالي ذاهبان الي الحديقه
0619,هو تفضل ذهاب مسجد خطوات يمين,انت ادخل المسجد بقدمك اليمنى
0620,هو مدرسه تركيز سبب بعد ج اختبار قدره,انت ادرس بتركيز حتى تجيب على الامتحان جيدا
0621,هو شراء حمص فلافل,انت اشتري حمص وفلافل
0622,هو ماضي مشاهده تلفاز فيلم سينما هو,انت امس هل شاهدت تلفزيون فيلم
0623,هو خبير لغه اشاره ماشاءلله,انت خبير لغه اشاره ماشاءالله
0624,انت كذب كثير هو,انت كذاب كثير
0625,انسحاب تدريب دوره لغه اشاره موقع شرطه,انهيت دوره بلغه الاشاره في معهد الشرطه
0626,تفضل منزل جار,اهلا وسهلا بجارنا
0627,جميع تعب اعاقه,الجميع متعبين و منهكين
0628,انا مشاركه مع اخ,اشارك اخي
0629,ماضي انا ذهاب شركه اتصالات,بالامس ذهبت لشركه الاتصالات
0630,ماضي زياره تفضل منزل,بالامس زارنا ضيف
0631,ليل سياحه ممنوع,بالليل التجول ممنوع
0632,بعد اكل انتهاء انسحاب وجوب موقع نظيف سرعه,بعد اكل الطعام والانتهاء منه يجب تنظيف المكان بسرعه
0633,بعد اسبوع اثنان اب وصول الرياض,بعد اسبوعين يصل والدي الى الرياض
0634,منزل انا امام مسجد,بيتي امام المسجد
0635,تذكره كاس عالم مال سوال,تذكره كاس العالم ثمنها كم
0636,جد خلف مساعده قطف حبه اسود زيتون,جدي ساعدني في قطف اشجار الزيتون
0637,جد انا اخ سعيد سبب اب وصول صحه,جدي واخوتي سعداء بعوده ابي من السفر
0638,خال رئيس جمعيه صم سوال المغرب,خالي رئيس جمعيه الصم في المغرب
0639,انا خال زهره حديقه زهره,خالي يزرع الشجر
0640,داخل سياحه ممنوع اكل عصير انواع,داخل المعرض يمنع الاكل و الشرب
0641,انا مشاهده منزل جميل الرياض لون اصفر باب لون اسود,رايت بيتا جميلا في الرياض لونه اصفر والباب لونه اسود
0642,شخص ولد مسعف اسعاف احمر مساعده انسان,رجل الاسعاف يساعد الناس
0643,انا سعيد عمل مع صم,سعيده بالعمل مع الصم
0644,الان لقاء وقت احد_عشر نصف,سنتقابل الساعه احد عشر و نصف
0645,انا مشاهده رسم لون انواع,شاهدت الرسام يرسم بالوان متعدده
0646,صخر جبل تدحرج ,صخره كبيره من اعلى الجبل سقطت
0647,سمع جرس الم,صوت الجرس مزعج
0648,فيل صوت غير,صوت الفيل غريب
0649,مدرسه شخص هو خوف اختبار هو,طالب المدرسه خائف في الامتحان
0650,رقم اسره هو سوال,عدد افراد اسرتك كم
0651,رقم تفضل ترفيه حفل الف اعلى,عدد حضور الحفل الف و اكثر
0652,هو اكل قبل بعد وجوب غسل_يد,عند تناول الطعام قبل وبعد انا اغسل يدي
0653,سجن انا مشاهده شاب بكاء,في السجن انا رايت شاب يبكي
0654,صين منطقه هو جميع انسان حب رز مكرونه,في الصين جميع الناس يحبون الرز و المكرونه
0655,انا عمل صديق هو كسل تعب فاضي هو,في العمل زميل لي ممل و متعب و كسول
0656,انا لقاء عمل مسوول هو قول غدا عوده,قابلت الموظف المسؤول وقال لي راجعني غدا
0657,قبل ذهاب منزل  ضغط جرس صوت_جرس,قبل دخولي للمنزل اقرع جرس الباب
0658,قبل سن عشر ماضي انا ذهاب حج مع مركز صم,قبل عشر سنوات سافرت للحج مع مركز الصم
0659,كل_يوم قبل صباح انا استيقاظ,كل يوم قبل صلاه الفجر انا استيقظ
0660,ماشاءلله انت ممتاز,ما شاء الله انت رائع
0661,عمل طياره هو شخص تعامل ابتسامه,موظف المطار يتميز بحسن التعامل و الابتسامه
0662,شخص عمل خوف تعيين,موظف جديد تم تعيينه
0663,انا جميع دعم صديق صم,نحن ندعم اصدقائنا الصم
0664,رقم نسبه فاضي عمل لا_يوجد رقم زياده كل_سنه,نسبه البطاله في المجتمع تزداد كل عام
0665,نعم ماضي مشاهده فيلم سينما جميل واضح,نعم امس شاهدت فيلم جميل كثير
0666,انا محفظه داخل,نقودي اضعها داخل المحفظه
0667,هو شخص قبيح,هذا الشخص قبيح
0668,هو مدرسه جامعه انسحاب استفهام,هل انهيت دراستك الجامعيه
0669,استفهام هو كلام حق,هل تقول الصدق
0670,كل_يوم اخت بنت استيقاظ قبل صلاه صباح,يوميا اختي تستيقظ قبل صلاه الفجر
0671,سن مستمر جميع خير جميع,كل عام و انت بخير
0672,انا حب صفحه قصص قراءه,احب قراءه القصص
0673,استفهام هو نيه حب سوال,ما هي هواياتك
0674,انا رقم مال شركه مال خاص,انا محاسب مالي في شركه خاصه
0675,استفهام سوال موقع طياره,اين هو المطار
0676,تاريخ سوال طياره وقت,متى وقت الرحله
0677,استفهام طريقه ازدحام,هل الطريق مزدحم
0678,انا رغبه شراء بقره ابن مولود,اريد شراء حليب لطفلي الرضيع
0679,استفهام بنك الان مفتوح,هل البنك مفتوح اليوم
0680,لا مفلس مال لا_يوجد مظله,لا يوجد لدي مال لشراء مظله
0681,استفهام سوال معلم لغه عربيه,اين معلمه اللغه العربيه
0682,ابن بنت حب معلم مدرسه,ابنتي تحب معلمه الصف
0683,انا حفظ طياره فندق انا خاص,لدي حجز في الفندق
0684,استفهام غرفه فاضي_2 هو,هل لديك غرف شاغره
0685,انا لا حب دخان,انا لا احب التدخين
0686,انا حزن سوال سكر نسبه رخيص,اعاني من انخفاض في السكر
0687,انا رغبه دواء زكام صدر,اريد دواء للزكام و الكحه
0688,انا ابن صدر راس الم,ابني يعاني من كحه وصداع
0689,سياره نافذه ضرب كسر_نافذه هو,نافذه السياره مكسوره
0690,انا جوال عطل,هاتفي لا يعمل
0691,انا حب ذهاب بحر وقت اربع_العصر,احب الذهاب للبحر في العصر
0692,انا ذهاب اسره مع اسره مع سوال ابها تاريخ صيف,نذهب انا وعائلتي الي ابها في الصيف
0693,انا منزل ايجار صغير,انا اسكن في شقه صغيره
0694,انا عمل لا_يوجد,انا عاطل عن العمل
0695,انا خاص شهاده ثانوي,لدي شهاده الثانويه العامه
0696,استفهام هو خبره شهاده يوجد,هل لديك خبره
0697,انا عقل خبره شهاده انا لا_يوجد,ليس لدي خبره في هذا العمل
0698,استفهام سياره هو سوال اسم,مانوع سيارتك
0699,انا سياره لا_يوجد,ليس لدي سياره
0700,انا رغبه شراء سياره لون رمادي,اريد شراء سياره لونها رمادي
0701,انا رغبه اجازه عمل,اريد طلب اجازه من العمل
0702,رقم وقت طويل اجازه,كم مده الاجازه
0703,تاريخ فتح اجتماع,متى يبدا الاجتماع
0704,لا تاخير اجتماع,لا تتاخر على الاجتماع
0705,انا مدير طيب,مديري في العمل طيب
0706,هو صديق هو مساعده عمل,يساعدني زميلي في العمل
0707,انا الان عمل قدره,سانجز العمل اليوم
0708,انا لا زواج لا_يوجد,انا لست متزوج
0709,انا مع ام اب اخ مع,اعيش مع امي و ابي و اخوتي
0710,الان لقاء بنت خال ابن ماضي,التقيت بابن خالتي امس
0711,انا ذهاب مع اخ شركه اتصالات,ذهبت مع اخي الى شركه الاتصالات
0712,انا رغبه شراء سكر عسل لوحه بقاله,نحتاج شراء سكر وعسل من السوبرماركت
0713,انا مال انا لا_يوجد,ليس لدي مال كافي
0714,انا رغبه فتح رقم حساب بنك,اريد فتح حساب في البنك
0715,انا اخ بنت عمل د سن,اختي تعمل طبيبه اسنان
0716,انا اخ ولد مدرسه خطه الصين,اخي يدرس الهندسه في الصين
0717,انا ضياع محفظه مال,اضعت محفظه نقودي
0718,انا رغبه رقم محامي ذكي,احتاج رقم محامي ذكي
0719,انا قدره حج سن ماضي,قمت بالحج السنه الماضيه
0720,انا اخ انتهاء سجن افراج,خرج اخي من السجن
0721,الان مدرسه موضوع الان كيمياء صعب الان,درس الفيزياء صعب اليوم
0722,حبه اسود ز ي ت و ن حبه فائده جسم,الزيتون مفيد للجسم
0723,استفهام سوال موقع بنزين,اين محطه الوقود
0724,منطقه المغرب جميل,دوله المغرب جميله
0725,انا حب نار تقطيع رز مع ,احب الملوخبه مع الرز
0726,انا مشاهده ثعبان صخره تحت ,رايت ثعبان تحت الصخره
0727,انا رغبه لا فلافل,لا احب الفلافل
0728,انا اخ حب حمص,اخي يحب الحمص
0729,انا شراء ام عطر تقديم,اشتريت لامي عطر هديه
0730,فرنسا قدره عالم كاس,فرنسا فازت بكاس العالم لكره القدم
0731,انا شراء اخ بنت ساعه لون فضي ذهبي بنفسجي,اشتريت لاختي ساعه لونها ذهبي و بنفسجي
0732,استفهام قدره خزانه,هل استطيع ان افتح النافذه
0733,لا هو لا مال اعطاء الباقي,لم تعطيني باقي النقود
0734,كيفيه وصول موقع قطار باص,كيف اصل لمحطه الحافلات
0735,استفهام هو ترتيب واضح اعاده,هل يمكنك شرح ذلك مره اخرى
0736,استفهام انا قدره دخول,هل يمكنني الدخول
0737,استفهام رقم مال عطر,كم ثمن هذا العطر
0738,كيفيه وصول مكتبه موقع,كيف اصل الى المكتبه
0739,عطر ضياع اعاقه,العطر سقط و انكسر
0740,استفهام انا قدره حذاء دخول قدره,هل يمكنني ان اقيس الحذاء
0741,حذاء كبير رغبه صغير,الحذاء كبير اريد حذاء اصغر
0742,استفهام هو جاكيت كبير,هل لديكم جاكيت مقاس كبير
0743,رغبه سوال جاكيت نظر تجربه قياس لون احمر,اريد ان اقيس الجاكيت الاحمر
0744,انا رغبه حذاء مقاس رقم اربعون,اريد حذاء مقاس اربعين
0745,انا مشاهده فستان نظر سعيد لا,لم يعجبني الفستان هذا
0746,فستان ملابس صغير,الفستان هذا قصير جدا
0747,رقم شرطه جوال,كم رقم الشرطه
0748,شخص شعار احمر اسعاف سرعه,رجل الاسعاف سريع
0749,مباره كاس عالم الان ممتاز,مباراه كاس العالم اليوم ممتعه
0750,يوم الخميس مع اب سوال حديقه,يوم الخميس اذهب مع ابي الى المزرعه
0751,انا اخ رغبه رسم كتاب,اختي تحب الرسم في الدفتر
0752,خلط جد ماضي لذيذ,طبخ جدتي لذيذ
0753,طفل طفل بكاء سبب جوع,الطفل يبكي لانه جائع
0754,اعطاء ملح استئذان,اعطني الملح من فضلك
0755,بحر امتلاء ازدحام,الشاطئ مزدحم اليوم
0756,وجوب جميع كلام صدق مستمر,يجب ان تقول الصدق دائما
0757,لا خوف ثعبان,لا تخاف من الثعبان
0758,حديد حداد عمل ثقيل تعب,الحداده عمل متعب
0759,صغير رمي سوال قط,الطفل ضرب القطه
0760,انا اخ مشكله عم ابن مشكله,تشاجر اخي مع ابن عمي
0761,جد انا موت يوم الاربعاء,جدي توفي يوم الاربعاء
0762,انا اخ استفراغ مدرسه يكره,اخي يكره المدرسه
0763,انا ابن دجاج شواء ثاني سمك ,ابني يشوي الدجاج و السمك
0764,انا اب عم عمل حداد حديد,ابي وعمي يعملون بالحداده
0765,خال عمل وزاره تصليح,خالي يعمل في وزاره الصناعه
0766,انا رسم علم السعوديه سوال مدرسه داخل,انا رسمت علم السعوديه في الصف
0767,انا مستمر مشي كل_يوم رياضه,امارس رياضه المشي كل يوم
0768,سبعه اسبوع_الماضي انا عمره احرام,الاسبوع الماضي اديت العمره
0769,انا اب غتره عقال,يلبس ابي غتره و عقال
0770,استفهام عاصمه السعوديه,ما هي عاصمه السعوديه
0771,غيوم ثقيل بعد مطر,الغيوم الثقيله تجلب المطر
0772,تاجر تجاره مخدرات وصول سجن,تجار المخدرات يذهبون الى السجن
0773,معلم تعليم مدرسه قراءه,المعلم يعلم الطلبه القراءه
0774,اجازه عيد اجازه ذبح غدا فتح,اجازه عيد الاضحى تبدا غدا
0775,انا حب شهر رمضان,انا احب شهر رمضان
0776,رغبه جميع شراء دجاج كوسا مربى,نحتاج ان نشتري دجاج وكوسا ومربى
0777,غدا ولد_عم تفضل زياره منزل انا,غدا ابن عمي سيقوم بزيارتنا
0778,الان مدرسه الان معرفه رسم,اليوم في المدرسه تعلمت الرسم
0779,انا رغبه شراء عشرون متر م ت ر قماش,احتاج ان اشتري عشرين متر قماش
0780,انا ام الان صباح اكل خلط,امي اعدت فطور اليوم
0781,انا حب السعوديه,انا احب السعوديه
0782,انا ذهاب وقت اربع,ساذهب الساعه الرابعه عصرا
0783,انا رغبه ذهاب طياره سوال المغرب,انا ارغب بالسفر لدوله المغرب
0784,انا زكام اسبوع_ماضي,انا اصبت بالزكام الاسبوع الماضي
0785,انا عمل وقت ثمان_ساعات كل_يوم,انا اعمل ثمان ساعات يوميا
0786,انا ذهاب صيدليه مع اب,ذهبت الى الصيدليه مع ابي
0787,شخص ولد هو كفيف وجوب مساعده,الشخص الكفيف يحتاج الى المساعده
0788,انا اخ بنت زواج ابن عمر سن اثنان,اختي متزوجه و لديها ولد عمره سنتان
0789,سبب راتب شهر,لماذا لم تستلم الراتب
0790,انا اخ مدرسه تركيز,اخي يدرس بتركيز
0791,استفهام هو رغبه مشاهده فيلم سينما تلفاز مشاهده,هل تريد ان تشاهد فيلم في التلفيزيون
0792,انا منزل جانب هذا ولد كريم طيب,جارنا رجل طيب و كريم
0793,سبب جميع تعب اعاقه سبب,لماذا الجميع متعبين و منهكين
0794,مشاركه مع اخ بنت تكنيس نظيف منزل,اشارك اختي في تنظيف المنزل
0795,سياحه ترفيه ممنوع الان,التجول ممنوع الان
0796,بعد اكل وجوب صحن غسل نظيف,بعد اكل الطعام انظف صحني
0797,بعد غدا سفر اخ سوال وصول ابها,بعد غد يصل اخي الى ابها
0798,رغبه تذكره كاس عالم,اريد تذكره لكاس العالم
0799,اختيار اسود صباح,نقطف اشجار الزيتون في الصباح
0800,اب انا رئيس جمعيه صم السعوديه,ابي رئيس جمعيه الصم في السعوديه
0801,انا مشاهده منزل جميل منزل لون اصفر رمادي,رايت بيتا جميلا في ابها لونه رمادي و اصفر
0802,استفهام سمع جرس,هل تسمع صوت الجرس
0803,مدرسه هو قدره اختبار,طالب المدرسه نجح في الامتحان
0804,رقم هو اخ,كم لديك اخوه
0805,رقم حفل مدرسه اشخاص رقم اثنان ثلاث_اصفار,عدد حضور حفل المدرسه الفين
0806,انا اكل خفيف اكل,اتناول الطعام بهدوء
0807,رقم سجن قضبان,كم عدد المساجين في هذا السجن
0808,ذهاب حج ماضي سن ثلاث_سنوات مع اب,سافرت للحج قبل ثلاث سنوات مع ابي
0809,كل_يوم قبل صباح قراءه قران كتاب,كل يوم قبل صلاه الفجر اقرا القران
0810,انا حب صديق صم,انا احب صديقي الاصم
0811,رقم نسبه فاضي عمل لا_يوجد مجتمع,كم نسبه البطاله في المجتمع
0812,انا مشاهده فيلم سينما طويل,شاهدت فيلم طويل جدا
0813,شخص هو طير هو قبيح,هذا الطائر قبيح
0814,وجوب كلام صدق مستمر,يجب ان تقول الصدق دائما
0815,انا ام استيقاظ صباح قبل سبب خلط اكل,امي تستيقظ قبل صلاه الفجر لتعد الفطور
0816,لا هو فاضي,لا تكن شخص كسول
0817,انا نوم ليل وقت تسع ليل,انام ليلا الساعه التاسعه
0818,انا حب لون ذهبي كره لون فضي,احب اللون الذهبي و اكره اللون الفضي
0819,انا اسم ع ل ي هو اسم سوال,اسمي علي ما اسمك
0820,انا مدرسه قراءه قران كتاب,انا اقرا القران
0821,انا اخ بنت حب لون بنفسجي ام حب لون رمادي,اختي تحب اللون البنفسجي و امي تحب اللون الرمادي
0822,انا حب صلاه قراءه مدرسه,احب الصلاه و قراءه القران
0823,اكل خلط مستشفى فائده,الطعام الصحي مفيد
0824,اخ بنت ابن طفل جميل,ابنه اختي الصغيره جميله
0825,انا اخ طياره سوال فرنسا الان صيف,انا و اخي سنسافر لفرنسا هذا الصيف
0826,حقيبه_يد حقيبه_ظهر مدرسه ثقيل,حقيبه المدرسه ثقيله جدا
0827,انا اخ معرفه سياره بنت,اختي تتعلم قياده السياره
0828,انا مساعده جد ري حديقه,اساعد جدتي وهي تسقي الزرع
0829,مساعده جد ولد مشي مساعده,اساعد جدي في المشي
0830,لا انا صديق لا_يوجد مدرسه,ليس لدي اصدقاء في المدرسه
0831,كيفيه معرفه لغه اشاره,كيف اتعلم لغه الاشاره
0832,وجوب وضوء قبل الصلاه,يجب ان تتوضا قبل الصلاه
0833,انا ولد_عم مع ذهاب صيد سمكه,انا وابن عمي سنذهب لصيد السمك
0834,انا انف منزل جار,انا احترم جاري
0835,انا زياره اقارب غدا,سوف ازور اقاربي غدا
0836,خال بنت هو مدير مدرسه,خالتي تعمل مديره مدرسه
0837,انا حب اكل منزل,احب ان اكل في المنزل
0838,انا حفظ قران مدرسه موقع مدرسه ,انا احفظ القران في المدرسه
0839,انا مدرسه مركز معرفه مركز لغه انجليزيه,انا ادرس في معهد اللغه الانجليزيه
0840,انا رغبه مساعده معرفه مدرسه,احتاج مساعده في مذاكره دروسي
0841,انا ذهاب مركز لغه انجليزيه مستمر,انا اذهب لمعهد اللغه الانجليزيه كل يوم
0842,انا ذهاب منزل صديق بنت يوم السبت,سوف اذهب لمنزل صديقتي يوم السبت
0843,لا اكل قبل نوم,لا تاكل قبل النوم
0844,انا حب سوال سمع موسيقى صباح,احب ان استمع للموسيقى في الصباح
0845,جد ولد ذهاب سوال صلاه الجمعه,جدي ذهب لصلاه الجمعه
0846,انا ابن مشي سوال بحر,انا و ابني نمشي على الشاطئ
0847,انا رغبه جديله صبغ لون سوال ذهبي,اريد ان اصبغ شعري للون الاشقر
0848,اخ وفاه اسبوع_ماضي الله رحمه,اخي مات قبل اسبوع الله يرحمه
0849,انا سياحه مدرسه سوال منقط قديم,لدينا رحله مدرسيه للمتحف
0850,تاريخ سوال يوم اجازه السعوديه علم يوم,متى عطله اليوم الوطني السعودي
0851,انا رغبه شراء حفيد ترفيه تقديم,اريد ان اشتري لعبه لحفيدي
0852,جد انسحاب مستشفى الان,جدي يخرج من المستشفى اليوم
0853,لا رغبه حب اقارب خال بنت ابن هو كذب,لا احب ابن خالتي كذاب
0854,استفهام هو ابن بنت ذهاب مدرسه,هل تذهب ابنتك للمدرسه
0855,عمر بنت اخ طفل عمر سنه نصف,عمر اختي الصغيره سنه و نصف
0856,تاريخ سوال مدرسه انسحاب,متي تنتهي من المدرسه
0857,وجوب ان دواء صباح,يجب ان تاخذ الدواء صباحا
0858,باص مدرسه وقت وصول منزل سبعه صباح,حافله المدرسه تاتي الساعه السابعه صباحا
0859,جد بنت مدرسه قراءه جهل,جدتي لا تعرف القراءه
0860,انا رغبه شراء غتره عقال سبب عيد اجازه,اريد ان اشتري غتره وعقال للعيد
0861,سياره غسل صباح,غسلت سيارتي في الصباح
0862,منزل امام هنا بحر,بيتي امام البحر
0863,انا شرب اضافه جسم كل_يوم صباح,اشرب البروتين كل يوم في الصباح
0864,مدرسه سباحه معرفه ممتاز,درس السباحه ممتع
0865,جبل صعود ثقيل,صعود الجبل متعب
0866,الاثنين يوم ماضي ذهاب مستشفى,يوم الاثنين الماضي ذهبت للمستشفي
0867,عيد اجازه ذبح,عيد اضحى مبارك
0868,اب انا بناء مسجد كبير,ابي يبني مسجدا كبيرا
0869,طفل هو معرفه سباحه,الطفل يتعلم السباحه
0870,صلاه مسجد داخل قدره,الصلاه في المسجد افضل
0871,استفهام د قول سوال,ماذا قال لك الطبيب
0872,ابن اكل مستشفى لا,الولد ياكل طعام غير صحي
0873,استفهام كتابه هذا هو,هل القلم هذا لك
0874,كتاب هذا كسل امتلاء,هذا الكتاب ممل
0875,انا مترجم لغه سرعه معرفه لا,لا افهم المترجم سريع جدا
0876,نوم داخل طياره داخل نوم سعيد لا,النوم بالطائره غير مريح
0877,انا مشاهده غدا ان_شاء_لله,اراك غدا ان شاء الله
0878,طفل بكاء زياده,يبكي الطفل كثيرا
0879,انا لقاء قدره,تشرفت بمعرفتك
0880,عمر جد بنت سن مئه,عمر جدتي مئه سنه
0881,هو حب ايس_كريم صح,انت تحب الايسكريم
0882,انا حب اكل طعم فلفل مع رز رغبه لا,لا احب الفلفل في الاكل
0883,استفهام هو سوال سعيد هو اب هو سعيد قدره,كيف حالك و حال والدك
0884,ذهاب استفهام ذهاب جد بنت زياره ذهاب هو,سنذهب لزياره جدتي
0885,نعم اخ صم,نعم اخي اصم
0886,استفهام هو اخ صم هو,هل اخوك اصم
0887,استفهام هو ابن هو,هل لديك ابناء
0888,زوج انا ملابس كوي عمل هو لون بني,زوجتي تقوم بكي قميص العمل البني
0889,ملابس تعليق,اضع ملابسي في الخزانه
0890,انا رغبه شراء فيلا مع زهره كبير,اريد شراء منزل به حديقه كبيره
0891,ماضي انا سمع الم,امس كنت اعاني من الام شديده في الاذن
0892,وصول سرير خوف غدا,سيصل السرير الجديد غدا
0893,شوربه هو طبخ جد بنت طعم لذيذ,شوربه جدتي لذيذه
0894,طاوله كسر,هذه الطاوله مكسوره
0895,انا رغبه د سمع,اريد طبيب اذن
0896,غيوم شمس ابها شمس,الطقس في ابها مشمس اليوم
0897,زوج ولد هو اخذ سوال مدرسه,زوجي ياخذ الاطفال من المدرسه
0898,رغبه شراء تيشيرت تنوره لون ابيض,اريد شراء بلوزه لونها ابيض
0899,انا اخ بنت كبير رغبه خياطه,اختي الكبيره تحب الخياطه
0900,جد اب انا عمل خبز,جدي و ابي يعملون خباز
0901,هو مشي نادل وصول سوال باص,ياتي النادل الى هنا بالحافله
0902,انا اب مع طياره فرنسا صيف الان,انا و ابي سنسافر لفرنسا هذا الصيف
0903,لا الان لون ملابس تيشيرت لون بني لا,لم يعجبني القميص البني
0904,فستان طويل,الفستان هذا طويل جدا
0905,مباراه عالم الان مشاهده كسل امتلاء,مباراه كاس العالم اليوم ممله
0906,يوم الخميس مع مستشفى اب ذهاب مستشفى,يوم الخميس اذهب مع ابي الى المستشفى
0907,خلط ام طعم لذيذ,طبخ امي لذيذ
0908,لا خوف قط,لا تخاف من القطه
0909,طفل ضرب هو كلب,الطفل ضرب الكلب
0910,اخ ابن صغير,ابن اخي قصير
0911,جد ولد مستمر صدقه فقير متسول,جدي دائما يتصدق للفقراء و المساكين
0912,انا اخ بنت معلم اطفال,اختي معلمه اطفال
0913,انا اخ كل_يوم الاربعاء ذهاب قراءه_شفاه معرفه,اخي يذهب كل اربعاء الى اخصائيه تدريب نطق
0914,ابن انا ابتسامه سعيد سبب ذهاب مشاهده مباراه كره_قدم,ابني سعيد لانه ذهب لمشاهده مباراه كره القدم
0915,انا اخ بنت هو معلم صم,اختي معلمه للصم
0916,اسره ام اب اخ ولد ثلاث,اسرتي تتكون من امي وابي و اخواني الثلاث
0917,وجوب ان الصلاه خمس وقت اتقان,يجب ان تصلي الصلوات الخمس
0918,انا حب ام اب اخ بنت طفل,احب ابي وامي و اختي الصغيره
0919,شهر قريب ترفيه حفل زوج اخ,الشهر القادم حفله زواج اخي
0920,حمايه السعوديه حمايه شعب السعوديه,الامن السعودي يحمي الوطن
0921,شهر قريب ام وصول منطقه الرياض,الشهر القادم امي تصل الي الرياض
0922,اخ ولد لون فضي اصفر بني,اخي يحب اللون الفضي والاصفر والبني
0923,اخ رغبه موسيقى,اخي يحب الموسيقى
0924,ممنوع دخان داخل مدرسه,ممنوع التدخين في المدرسه
0925,عم ولد طيب كريم,عمي رجل طيب وكريم
0926,سياحه تعب,الرحله كانت متعبه
0927,رحمه جميل رحمه,الرحمه صفه جميله
0928,مطر ضباب سبب حادث,المطر والضباب يسبب حوادث السير
0929,طريق ذهاب وصول سوال طياره خطر,الطريق الى المطار خطير
0930,شخص هو عامل هو صبغ مسجد لون ابيض,العامل يصبغ المسجد باللون الابيض
0931,قرد قفز شجر,القرد فوق الشجره
0932,قلم تحت خزانه تعليق ملابس,القلم تحت خزانه الملابس
0933,استفهام لون دم ال د م,ما هو لون الدم
0934,جد ولد ري حديقه,جدي يسقي الزرع
0935,حمايه محامي كلام صدق,المحامي يقول الصدق
0936,قط خوف ثعبان,القطه تخاف من الثعبان
0937,ملك سعوديه هو زياره الصين منطقه,الملك السعودي يزور الصين
0938,اب شراء زهره تقديم ام,ابي اشترى باقه زهور و قدمها لامي
0939,انا اخ حب لون اصفر,اخي يحب اللون الاصفر
0940,انا شرب ماء بارد,انا اشرب الماء البارد
0941,انا مشاهده طير جميل صباح,شاهدت طائر حلو في الصباح
0942,انا سعيد سبب زواج اخ بنت,انا سعيد بسبب زواج اختي
0943,ملابس اخ شماغ عقال,يلبس اخي غتره و عقال
0944,انا مشاهده فلافل حمص مشاهده لا_يوجد,لم اجد فلافل و حمص
0945,اب انا مستشار خبير لغه اشاره,ابي خبير لغه اشاره
0946,هو ولد هو كذب,هذا رجل كذاب
0947,الان انسحاب خلاص لغه دوره لغه اشاره,اليوم انهيت دوره بلغه الاشاره
0948,انا رغبه ذهاب شركه اتصالات,اريد الذهاب الى شركه الاتصالات
0949,زياره شخص اخر صباح,زارنا ضيف الصباح
0950,منزل امام مدرسه,بيتي امام المدرسه
0951,انا سعيد سبب ام وصول سفر صحه,نحن سعداء بعوده امي من السفر
0952,جد ولد حديقه زهره,جدي يزرع الشجر
0953,داخل مسجد ممنوع اكل شرب,داخل المسجد يمنع الاكل و الشرب
0954,شرطه هو مساعده اشخاص انسان,الشرطي يساعد الناس
0955,انا اخ بنت سعيد سبب عمل مع صم,اختي سعيده بالعمل مع الصم
0956,انا لقاء ساعه احد_عشر نصف كوفي,سنتقابل الساعه احد عشر و نصف في المقهى
0957,انا مشاهده رسم ماضي,شاهدت الرسام يرسم امس
0958,شجر كبير جبل سقوط,شجره كبيره من اعلى الجبل سقطت
0959,استفهام اسم صوت فيل,ما اسم صوت الفيل
0960,فرنسا مشاهده جميع انسان حب سوال بيتزا تقطيع,في فرنسا جميع الناس يحبون البيتزا
0961,مشاهده فيلم سينما عرض امتلاء,هذا الفيلم ممل
0962,د كلام لي ثلاث_ايام اعاده عوده,قال لي الطبيب راجعني بعد ثلاث ايام
0963,قبل دخول اخ وجوب دق_الباب,قبل دخولي لغرفه اخي اقرع جرس الباب
0964,ماشاءالله هو ذكي,ما شاء الله انت ذكي
0965,عمل بنك شخص هو معروف تعامل ابتسامه,موظف البنك يتميز بحسن التعامل والابتسامه
0966,كيفيه طبخ بيتزا تقطيع مهاره سوال,كيف تصنع البيتزا
0967,انا رغبه شراء محفظه مال,اريد شراء محفظه نقود
0968,هو كلب هو قبيح,هذا الكلب قبيح
0969,كيفيه وصول سياحه بقاله,كيف اصل الى السوبرماركت
0970,انا رغبه مترجم لغه اشاره,اريد مترجم لغه اشاره
0971,انا مع اسره ذهاب زهره,انا واسرتي ذهبنا الى الحديقه
0972,انا ذهاب صيدليه مع ام,ذهبت للصيدليه مع امي
0973,انا اب بيع منزل,ابي باع المنزل
0974,انا حب اخ ولد هو ابن طفل,احب ابن اخي الصغير
0975,انا حب اخ كبير,احب اختي الكبيره
0976,انا حب اكل مستشفى ضبط,احب الطعام الصحي
0977,انا ابن عمل شرطه,ابني يعمل في الشرطه
0978,انا كره هو صيف,اكره فصل الصيف
0979,هو استفهام رقم عمر سن اخ طفل بنت,كم عمر اختك الصغيره
0980,جد قدره جد بنت قراءه علم,جدتي تعرف القراءه
0981,انا غسل ملابس غسل صباح,غسلت ملابسي في الصباح
0982,انا اخ صبغ لون وردي,اخي يصبغ الحائط باللون الوردي
0983,معلم كيمياء تعليم ممتاز,درس الفيزياء ممتع
0984,استفهام معلم كلام سوال,ماذا قال لك المعلم
0985,شخص ولد هو ايس_كريم,الولد ياكل الايسكريم
0986,ولد هو ترفيه دراجه,الولد يلعب بالدراجه
0987,انا اب نداء اخ,ابي ينادي اخي
0988,انا ام لا_2 لغه اشاره,امي لا تعرف لغه الاشاره
0989,هو شخص هو طيب,انت شخص طيب
0990,استفهام سوال موقع شركه سوال,ماهو عنوان الشركه
0991,عم ولد شراء تقديم حاسب لاب_توب,عمي اشترى لي كمبيوتر
0992,انا اب حب سوال سمكه مع رز,ابي يحب السمك مع الرز
0993,اكل طاوله,الاكل على الطاوله
0994,زوج بنت هو كوي ملابس,زوجتي تقوم بكي الفستان
0995,استفهام هو مدرسه مكان اسم,ما اسم مدرستك
0996,وصول دراجه اختيار غدا,ستصل الدراجه الجديده غدا
0997,كل_يوم صباح قهوه كوفي شرب,يوميا في الصباح اشرب القهوه
0998,جد بنت حمى برد,جدتي مصابه بنزله برد
0999,تعليق ملابس خزانه تعليق كسر,خزانه ملابس مكسوره
1000,تقديم حديقه فلاح سله جزر انواع,اعطاني المزارع سله من الخضار
